card,model,benchmark_name,dataset_name,benchmark_criteria_name,evalassist_criteria_name,results,provider,judge,dataset_len
cards.biggen_bench.results.human_eval,llama_4_scout_17b_16e_instruct,biggen_bench,results.human_eval,overall,several_criteria,"{""spearman"": 0.5729724211339279, ""pearson"": 0.5963298870986585, ""positional_bias_rate"": 0.3678125}",rits,simple_with_synthetic_persona,3200
cards.biggen_bench.results.human_eval,llama_4_scout_17b_16e_instruct,biggen_bench,results.human_eval,instruction_following,instruction_following,"{""spearman"": 0.5367292518018569, ""pearson"": 0.6216953011870527, ""positional_bias_rate"": 0.35}",rits,simple_with_synthetic_persona,400
cards.biggen_bench.results.human_eval,llama_4_scout_17b_16e_instruct,biggen_bench,results.human_eval,planning,planning,"{""spearman"": 0.5600484539443374, ""pearson"": 0.596107707288295, ""positional_bias_rate"": 0.45}",rits,simple_with_synthetic_persona,280
cards.biggen_bench.results.human_eval,llama_4_scout_17b_16e_instruct,biggen_bench,results.human_eval,tool_usage,tool_usage,"{""spearman"": 0.3946168826493861, ""pearson"": 0.3983805301571416, ""positional_bias_rate"": 0.44285714285714284}",rits,simple_with_synthetic_persona,280
cards.biggen_bench.results.human_eval,llama_4_scout_17b_16e_instruct,biggen_bench,results.human_eval,refinement,refinement,"{""spearman"": 0.4742070842608922, ""pearson"": 0.47221211140116554, ""positional_bias_rate"": 0.33881578947368424}",rits,simple_with_synthetic_persona,304
cards.biggen_bench.results.human_eval,llama_4_scout_17b_16e_instruct,biggen_bench,results.human_eval,reasoning,reasoning,"{""spearman"": 0.6160831282355419, ""pearson"": 0.6332670231271895, ""positional_bias_rate"": 0.36}",rits,simple_with_synthetic_persona,400
cards.biggen_bench.results.human_eval,llama_4_scout_17b_16e_instruct,biggen_bench,results.human_eval,multilingual,multilingual,"{""spearman"": 0.5436322901281742, ""pearson"": 0.5402411851237525, ""positional_bias_rate"": 0.42857142857142855}",rits,simple_with_synthetic_persona,420
cards.biggen_bench.results.human_eval,llama_4_scout_17b_16e_instruct,biggen_bench,results.human_eval,theory_of_mind,theory_of_mind,"{""spearman"": 0.45172524010082077, ""pearson"": 0.496877698192875, ""positional_bias_rate"": 0.4075}",rits,simple_with_synthetic_persona,400
cards.biggen_bench.results.human_eval,llama_4_scout_17b_16e_instruct,biggen_bench,results.human_eval,grounding,grounding,"{""spearman"": 0.6676853098481773, ""pearson"": 0.7084281091457862, ""positional_bias_rate"": 0.2875}",rits,simple_with_synthetic_persona,400
cards.biggen_bench.results.human_eval,llama_4_scout_17b_16e_instruct,biggen_bench,results.human_eval,safety,safety,"{""spearman"": 0.5601032685791316, ""pearson"": 0.6526474387560655, ""positional_bias_rate"": 0.25949367088607594}",rits,simple_with_synthetic_persona,316
cards.biggen_bench.results.human_eval,llama_4_maverick_17b_128e_instruct_fp8,biggen_bench,results.human_eval,overall,several_criteria,"{""spearman"": 0.5225953999371926, ""pearson"": 0.5521014883533628, ""positional_bias_rate"": 0.295}",rits,unitxt,3200
cards.biggen_bench.results.human_eval,llama_4_maverick_17b_128e_instruct_fp8,biggen_bench,results.human_eval,instruction_following,instruction_following,"{""spearman"": 0.5379563815225895, ""pearson"": 0.6098945917204611, ""positional_bias_rate"": 0.3325}",rits,unitxt,400
cards.biggen_bench.results.human_eval,llama_4_maverick_17b_128e_instruct_fp8,biggen_bench,results.human_eval,planning,planning,"{""spearman"": 0.565944517025006, ""pearson"": 0.5901860604172179, ""positional_bias_rate"": 0.29642857142857143}",rits,unitxt,280
cards.biggen_bench.results.human_eval,llama_4_maverick_17b_128e_instruct_fp8,biggen_bench,results.human_eval,tool_usage,tool_usage,"{""spearman"": 0.41533415170744625, ""pearson"": 0.4248553292634466, ""positional_bias_rate"": 0.37142857142857144}",rits,unitxt,280
cards.biggen_bench.results.human_eval,llama_4_maverick_17b_128e_instruct_fp8,biggen_bench,results.human_eval,refinement,refinement,"{""spearman"": 0.40198710874682814, ""pearson"": 0.41315864037247263, ""positional_bias_rate"": 0.3092105263157895}",rits,unitxt,304
cards.biggen_bench.results.human_eval,llama_4_maverick_17b_128e_instruct_fp8,biggen_bench,results.human_eval,reasoning,reasoning,"{""spearman"": 0.5887918578659406, ""pearson"": 0.6170301632214521, ""positional_bias_rate"": 0.2525}",rits,unitxt,400
cards.biggen_bench.results.human_eval,llama_4_maverick_17b_128e_instruct_fp8,biggen_bench,results.human_eval,multilingual,multilingual,"{""spearman"": 0.3915839298459297, ""pearson"": 0.398146466798198, ""positional_bias_rate"": 0.4142857142857143}",rits,unitxt,420
cards.biggen_bench.results.human_eval,llama_4_maverick_17b_128e_instruct_fp8,biggen_bench,results.human_eval,theory_of_mind,theory_of_mind,"{""spearman"": 0.28757212459834847, ""pearson"": 0.34468522614275543, ""positional_bias_rate"": 0.235}",rits,unitxt,400
cards.biggen_bench.results.human_eval,llama_4_maverick_17b_128e_instruct_fp8,biggen_bench,results.human_eval,grounding,grounding,"{""spearman"": 0.5934810723688037, ""pearson"": 0.6575167428094126, ""positional_bias_rate"": 0.2775}",rits,unitxt,400
cards.biggen_bench.results.human_eval,llama_4_maverick_17b_128e_instruct_fp8,biggen_bench,results.human_eval,safety,safety,"{""spearman"": 0.5217450985219564, ""pearson"": 0.6133147605877132, ""positional_bias_rate"": 0.15822784810126583}",rits,unitxt,316
cards.biggen_bench.results.human_eval,"granite_3,3_8b_instruct",biggen_bench,results.human_eval,overall,several_criteria,"{""spearman"": 0.35180512715786966, ""pearson"": 0.4051496511144663, ""positional_bias_rate"": 0.471875}",rits,unitxt,3200
cards.biggen_bench.results.human_eval,"granite_3,3_8b_instruct",biggen_bench,results.human_eval,instruction_following,instruction_following,"{""spearman"": 0.3667853867464127, ""pearson"": 0.4632023755079819, ""positional_bias_rate"": 0.4775}",rits,unitxt,400
cards.biggen_bench.results.human_eval,"granite_3,3_8b_instruct",biggen_bench,results.human_eval,planning,planning,"{""spearman"": 0.3047125469265321, ""pearson"": 0.3971510530003466, ""positional_bias_rate"": 0.44285714285714284}",rits,unitxt,280
cards.biggen_bench.results.human_eval,"granite_3,3_8b_instruct",biggen_bench,results.human_eval,tool_usage,tool_usage,"{""spearman"": 0.2635417782948926, ""pearson"": 0.308862793930512, ""positional_bias_rate"": 0.575}",rits,unitxt,280
cards.biggen_bench.results.human_eval,"granite_3,3_8b_instruct",biggen_bench,results.human_eval,refinement,refinement,"{""spearman"": 0.23878653820337656, ""pearson"": 0.2914973175382829, ""positional_bias_rate"": 0.4605263157894737}",rits,unitxt,304
cards.biggen_bench.results.human_eval,"granite_3,3_8b_instruct",biggen_bench,results.human_eval,reasoning,reasoning,"{""spearman"": 0.33269951645041096, ""pearson"": 0.39093882275450237, ""positional_bias_rate"": 0.405}",rits,unitxt,400
cards.biggen_bench.results.human_eval,"granite_3,3_8b_instruct",biggen_bench,results.human_eval,multilingual,multilingual,"{""spearman"": 0.2972335579891498, ""pearson"": 0.31487002572228706, ""positional_bias_rate"": 0.5261904761904762}",rits,unitxt,420
cards.biggen_bench.results.human_eval,"granite_3,3_8b_instruct",biggen_bench,results.human_eval,theory_of_mind,theory_of_mind,"{""spearman"": 0.27985823725260467, ""pearson"": 0.354089676872736, ""positional_bias_rate"": 0.5675}",rits,unitxt,400
cards.biggen_bench.results.human_eval,"granite_3,3_8b_instruct",biggen_bench,results.human_eval,grounding,grounding,"{""spearman"": 0.362884493176274, ""pearson"": 0.40774534446197597, ""positional_bias_rate"": 0.4625}",rits,unitxt,400
cards.biggen_bench.results.human_eval,"granite_3,3_8b_instruct",biggen_bench,results.human_eval,safety,safety,"{""spearman"": 0.3655817473976739, ""pearson"": 0.4253915770678622, ""positional_bias_rate"": 0.31329113924050633}",rits,unitxt,316
cards.biggen_bench.results.human_eval,llama_4_scout_17b_16e_instruct,biggen_bench,results.human_eval,overall,several_criteria,"{""spearman"": 0.4849881414015856, ""pearson"": 0.5178750332372071, ""positional_bias_rate"": 0.3409375}",rits,unitxt,3200
cards.biggen_bench.results.human_eval,llama_4_scout_17b_16e_instruct,biggen_bench,results.human_eval,instruction_following,instruction_following,"{""spearman"": 0.42642633570153615, ""pearson"": 0.5339585439061038, ""positional_bias_rate"": 0.3625}",rits,unitxt,400
cards.biggen_bench.results.human_eval,llama_4_scout_17b_16e_instruct,biggen_bench,results.human_eval,planning,planning,"{""spearman"": 0.46892076528621685, ""pearson"": 0.5472026558820575, ""positional_bias_rate"": 0.3107142857142857}",rits,unitxt,280
cards.biggen_bench.results.human_eval,llama_4_scout_17b_16e_instruct,biggen_bench,results.human_eval,tool_usage,tool_usage,"{""spearman"": 0.38518917833995375, ""pearson"": 0.3874570899558196, ""positional_bias_rate"": 0.4035714285714286}",rits,unitxt,280
cards.biggen_bench.results.human_eval,llama_4_scout_17b_16e_instruct,biggen_bench,results.human_eval,refinement,refinement,"{""spearman"": 0.4242929591175994, ""pearson"": 0.4350840003325477, ""positional_bias_rate"": 0.375}",rits,unitxt,304
cards.biggen_bench.results.human_eval,llama_4_scout_17b_16e_instruct,biggen_bench,results.human_eval,reasoning,reasoning,"{""spearman"": 0.43085123310210616, ""pearson"": 0.46739503809535093, ""positional_bias_rate"": 0.285}",rits,unitxt,400
cards.biggen_bench.results.human_eval,llama_4_scout_17b_16e_instruct,biggen_bench,results.human_eval,multilingual,multilingual,"{""spearman"": 0.35630556224937376, ""pearson"": 0.3542678912755148, ""positional_bias_rate"": 0.4166666666666667}",rits,unitxt,420
cards.biggen_bench.results.human_eval,llama_4_scout_17b_16e_instruct,biggen_bench,results.human_eval,theory_of_mind,theory_of_mind,"{""spearman"": 0.29822017309437326, ""pearson"": 0.36525509850033533, ""positional_bias_rate"": 0.3575}",rits,unitxt,400
cards.biggen_bench.results.human_eval,llama_4_scout_17b_16e_instruct,biggen_bench,results.human_eval,grounding,grounding,"{""spearman"": 0.5534956395754929, ""pearson"": 0.6181234412328849, ""positional_bias_rate"": 0.335}",rits,unitxt,400
cards.biggen_bench.results.human_eval,llama_4_scout_17b_16e_instruct,biggen_bench,results.human_eval,safety,safety,"{""spearman"": 0.5928316243520168, ""pearson"": 0.6705719635107295, ""positional_bias_rate"": 0.2088607594936709}",rits,unitxt,316
cards.biggen_bench.results.human_eval,deepseek_v3,biggen_bench,results.human_eval,overall,several_criteria,"{""spearman"": 0.5223396185924167, ""pearson"": 0.5605380623818992, ""positional_bias_rate"": 0.3315625}",rits,unitxt,3200
cards.biggen_bench.results.human_eval,deepseek_v3,biggen_bench,results.human_eval,tool_usage,tool_usage,"{""spearman"": 0.40167564238610315, ""pearson"": 0.4238750290703468, ""positional_bias_rate"": 0.37142857142857144}",rits,unitxt,280
cards.biggen_bench.results.human_eval,deepseek_v3,biggen_bench,results.human_eval,planning,planning,"{""spearman"": 0.4004308469073291, ""pearson"": 0.47978008850070786, ""positional_bias_rate"": 0.4035714285714286}",rits,unitxt,280
cards.biggen_bench.results.human_eval,deepseek_v3,biggen_bench,results.human_eval,theory_of_mind,theory_of_mind,"{""spearman"": 0.38523232797248985, ""pearson"": 0.45163035033755594, ""positional_bias_rate"": 0.335}",rits,unitxt,400
cards.biggen_bench.results.human_eval,deepseek_v3,biggen_bench,results.human_eval,safety,safety,"{""spearman"": 0.5328369998285556, ""pearson"": 0.6176212198985389, ""positional_bias_rate"": 0.21835443037974683}",rits,unitxt,316
cards.biggen_bench.results.human_eval,deepseek_v3,biggen_bench,results.human_eval,multilingual,multilingual,"{""spearman"": 0.4227314966964259, ""pearson"": 0.426148883219995, ""positional_bias_rate"": 0.3523809523809524}",rits,unitxt,420
cards.biggen_bench.results.human_eval,deepseek_v3,biggen_bench,results.human_eval,grounding,grounding,"{""spearman"": 0.6164006876733852, ""pearson"": 0.6735387721353598, ""positional_bias_rate"": 0.3025}",rits,unitxt,400
cards.biggen_bench.results.human_eval,deepseek_v3,biggen_bench,results.human_eval,reasoning,reasoning,"{""spearman"": 0.5518890156320232, ""pearson"": 0.5834014179632385, ""positional_bias_rate"": 0.3225}",rits,unitxt,400
cards.biggen_bench.results.human_eval,deepseek_v3,biggen_bench,results.human_eval,instruction_following,instruction_following,"{""spearman"": 0.4825596700773357, ""pearson"": 0.5988409331370648, ""positional_bias_rate"": 0.365}",rits,unitxt,400
cards.biggen_bench.results.human_eval,deepseek_v3,biggen_bench,results.human_eval,refinement,refinement,"{""spearman"": 0.40767735392237914, ""pearson"": 0.4138722347802947, ""positional_bias_rate"": 0.3190789473684211}",rits,unitxt,304
cards.biggen_bench.results.human_eval,llama_4_scout_17b_16e_instruct,biggen_bench,results.human_eval,overall,several_criteria,"{""spearman"": 0.5801240849860086, ""pearson"": 0.5986537574845135, ""positional_bias_rate"": 0.361875}",rits,simple,3200
cards.biggen_bench.results.human_eval,llama_4_scout_17b_16e_instruct,biggen_bench,results.human_eval,tool_usage,tool_usage,"{""spearman"": 0.4047751807959053, ""pearson"": 0.3985121344276771, ""positional_bias_rate"": 0.43214285714285716}",rits,simple,280
cards.biggen_bench.results.human_eval,llama_4_scout_17b_16e_instruct,biggen_bench,results.human_eval,planning,planning,"{""spearman"": 0.6222798467900754, ""pearson"": 0.6621621841810659, ""positional_bias_rate"": 0.4035714285714286}",rits,simple,280
cards.biggen_bench.results.human_eval,llama_4_scout_17b_16e_instruct,biggen_bench,results.human_eval,theory_of_mind,theory_of_mind,"{""spearman"": 0.41322761743571734, ""pearson"": 0.4389616118614925, ""positional_bias_rate"": 0.385}",rits,simple,400
cards.biggen_bench.results.human_eval,llama_4_scout_17b_16e_instruct,biggen_bench,results.human_eval,safety,safety,"{""spearman"": 0.6095799713845877, ""pearson"": 0.688828419054997, ""positional_bias_rate"": 0.2721518987341772}",rits,simple,316
cards.biggen_bench.results.human_eval,llama_4_scout_17b_16e_instruct,biggen_bench,results.human_eval,multilingual,multilingual,"{""spearman"": 0.5779712080752025, ""pearson"": 0.5805505640351685, ""positional_bias_rate"": 0.4023809523809524}",rits,simple,420
cards.biggen_bench.results.human_eval,llama_4_scout_17b_16e_instruct,biggen_bench,results.human_eval,grounding,grounding,"{""spearman"": 0.6500276679138769, ""pearson"": 0.7008766982814214, ""positional_bias_rate"": 0.305}",rits,simple,400
cards.biggen_bench.results.human_eval,llama_4_scout_17b_16e_instruct,biggen_bench,results.human_eval,reasoning,reasoning,"{""spearman"": 0.5940976784381655, ""pearson"": 0.6011573566547653, ""positional_bias_rate"": 0.37}",rits,simple,400
cards.biggen_bench.results.human_eval,llama_4_scout_17b_16e_instruct,biggen_bench,results.human_eval,instruction_following,instruction_following,"{""spearman"": 0.5198414956705634, ""pearson"": 0.6080894094298077, ""positional_bias_rate"": 0.3225}",rits,simple,400
cards.biggen_bench.results.human_eval,llama_4_scout_17b_16e_instruct,biggen_bench,results.human_eval,refinement,refinement,"{""spearman"": 0.4477960134795015, ""pearson"": 0.44667606632606843, ""positional_bias_rate"": 0.3815789473684211}",rits,simple,304
cards.biggen_bench.results.human_eval,phi_4,biggen_bench,results.human_eval,overall,several_criteria,"{""spearman"": 0.4961277541152827, ""pearson"": 0.5355837179254603, ""positional_bias_rate"": 0.3596875}",rits,unitxt,3200
cards.biggen_bench.results.human_eval,phi_4,biggen_bench,results.human_eval,tool_usage,tool_usage,"{""spearman"": 0.4090934450804336, ""pearson"": 0.4186437396887729, ""positional_bias_rate"": 0.3892857142857143}",rits,unitxt,280
cards.biggen_bench.results.human_eval,phi_4,biggen_bench,results.human_eval,planning,planning,"{""spearman"": 0.4224483580904928, ""pearson"": 0.49975948141233745, ""positional_bias_rate"": 0.3392857142857143}",rits,unitxt,280
cards.biggen_bench.results.human_eval,phi_4,biggen_bench,results.human_eval,theory_of_mind,theory_of_mind,"{""spearman"": 0.30763012042070337, ""pearson"": 0.40281599707761706, ""positional_bias_rate"": 0.395}",rits,unitxt,400
cards.biggen_bench.results.human_eval,phi_4,biggen_bench,results.human_eval,safety,safety,"{""spearman"": 0.5190719867992352, ""pearson"": 0.6097147474639977, ""positional_bias_rate"": 0.2974683544303797}",rits,unitxt,316
cards.biggen_bench.results.human_eval,phi_4,biggen_bench,results.human_eval,multilingual,multilingual,"{""spearman"": 0.3837182637522222, ""pearson"": 0.3929464359806706, ""positional_bias_rate"": 0.43333333333333335}",rits,unitxt,420
cards.biggen_bench.results.human_eval,phi_4,biggen_bench,results.human_eval,grounding,grounding,"{""spearman"": 0.5569070946235881, ""pearson"": 0.6095954332895613, ""positional_bias_rate"": 0.2975}",rits,unitxt,400
cards.biggen_bench.results.human_eval,phi_4,biggen_bench,results.human_eval,reasoning,reasoning,"{""spearman"": 0.5365376533318784, ""pearson"": 0.5883709836529829, ""positional_bias_rate"": 0.35}",rits,unitxt,400
cards.biggen_bench.results.human_eval,phi_4,biggen_bench,results.human_eval,instruction_following,instruction_following,"{""spearman"": 0.5146413609489435, ""pearson"": 0.6054061498243686, ""positional_bias_rate"": 0.3225}",rits,unitxt,400
cards.biggen_bench.results.human_eval,phi_4,biggen_bench,results.human_eval,refinement,refinement,"{""spearman"": 0.38209693309101234, ""pearson"": 0.4030182713576479, ""positional_bias_rate"": 0.41118421052631576}",rits,unitxt,304
cards.biggen_bench.results.human_eval,llama_4_maverick_17b_128e_instruct_fp8,biggen_bench,results.human_eval,overall,several_criteria,"{""spearman"": 0.5888464171392018, ""pearson"": 0.6089371717734905, ""positional_bias_rate"": 0.288125}",rits,simple_with_synthetic_persona,3200
cards.biggen_bench.results.human_eval,llama_4_maverick_17b_128e_instruct_fp8,biggen_bench,results.human_eval,tool_usage,tool_usage,"{""spearman"": 0.41479328931279824, ""pearson"": 0.413324170921204, ""positional_bias_rate"": 0.3392857142857143}",rits,simple_with_synthetic_persona,280
cards.biggen_bench.results.human_eval,llama_4_maverick_17b_128e_instruct_fp8,biggen_bench,results.human_eval,planning,planning,"{""spearman"": 0.5773965158990171, ""pearson"": 0.618069018456858, ""positional_bias_rate"": 0.3464285714285714}",rits,simple_with_synthetic_persona,280
cards.biggen_bench.results.human_eval,llama_4_maverick_17b_128e_instruct_fp8,biggen_bench,results.human_eval,theory_of_mind,theory_of_mind,"{""spearman"": 0.4089316123547985, ""pearson"": 0.467936909332844, ""positional_bias_rate"": 0.3225}",rits,simple_with_synthetic_persona,400
cards.biggen_bench.results.human_eval,llama_4_maverick_17b_128e_instruct_fp8,biggen_bench,results.human_eval,safety,safety,"{""spearman"": 0.5809189342429535, ""pearson"": 0.6741716206191836, ""positional_bias_rate"": 0.2310126582278481}",rits,simple_with_synthetic_persona,316
cards.biggen_bench.results.human_eval,llama_4_maverick_17b_128e_instruct_fp8,biggen_bench,results.human_eval,multilingual,multilingual,"{""spearman"": 0.5728793527163256, ""pearson"": 0.5730517966704802, ""positional_bias_rate"": 0.32142857142857145}",rits,simple_with_synthetic_persona,420
cards.biggen_bench.results.human_eval,llama_4_maverick_17b_128e_instruct_fp8,biggen_bench,results.human_eval,grounding,grounding,"{""spearman"": 0.6486870172620346, ""pearson"": 0.6803817266391735, ""positional_bias_rate"": 0.2375}",rits,simple_with_synthetic_persona,400
cards.biggen_bench.results.human_eval,llama_4_maverick_17b_128e_instruct_fp8,biggen_bench,results.human_eval,reasoning,reasoning,"{""spearman"": 0.6280391155855848, ""pearson"": 0.6483762256987927, ""positional_bias_rate"": 0.2225}",rits,simple_with_synthetic_persona,400
cards.biggen_bench.results.human_eval,llama_4_maverick_17b_128e_instruct_fp8,biggen_bench,results.human_eval,instruction_following,instruction_following,"{""spearman"": 0.5900584612101483, ""pearson"": 0.6675082814900349, ""positional_bias_rate"": 0.3}",rits,simple_with_synthetic_persona,400
cards.biggen_bench.results.human_eval,llama_4_maverick_17b_128e_instruct_fp8,biggen_bench,results.human_eval,refinement,refinement,"{""spearman"": 0.45260296816016155, ""pearson"": 0.4540456558644761, ""positional_bias_rate"": 0.29276315789473684}",rits,simple_with_synthetic_persona,304
cards.biggen_bench.results.human_eval,"granite_3,3_8b_instruct",biggen_bench,results.human_eval,overall,several_criteria,"{""spearman"": 0.39457009265100534, ""pearson"": 0.4264875950558959, ""positional_bias_rate"": 0.391875}",rits,simple_with_synthetic_persona,3200
cards.biggen_bench.results.human_eval,"granite_3,3_8b_instruct",biggen_bench,results.human_eval,theory_of_mind,theory_of_mind,"{""spearman"": 0.18950729396595037, ""pearson"": 0.25857647889010005, ""positional_bias_rate"": 0.3525}",rits,simple_with_synthetic_persona,400
cards.biggen_bench.results.human_eval,"granite_3,3_8b_instruct",biggen_bench,results.human_eval,refinement,refinement,"{""spearman"": 0.15028290849531886, ""pearson"": 0.13468699177836246, ""positional_bias_rate"": 0.3355263157894737}",rits,simple_with_synthetic_persona,304
cards.biggen_bench.results.human_eval,"granite_3,3_8b_instruct",biggen_bench,results.human_eval,safety,safety,"{""spearman"": 0.36067493792102956, ""pearson"": 0.4484027739149551, ""positional_bias_rate"": 0.27531645569620256}",rits,simple_with_synthetic_persona,316
cards.biggen_bench.results.human_eval,"granite_3,3_8b_instruct",biggen_bench,results.human_eval,grounding,grounding,"{""spearman"": 0.4957119107519762, ""pearson"": 0.514460220435156, ""positional_bias_rate"": 0.4}",rits,simple_with_synthetic_persona,400
cards.biggen_bench.results.human_eval,"granite_3,3_8b_instruct",biggen_bench,results.human_eval,reasoning,reasoning,"{""spearman"": 0.5066021291112298, ""pearson"": 0.5296827776654937, ""positional_bias_rate"": 0.44}",rits,simple_with_synthetic_persona,400
cards.biggen_bench.results.human_eval,"granite_3,3_8b_instruct",biggen_bench,results.human_eval,multilingual,multilingual,"{""spearman"": 0.38546749845982564, ""pearson"": 0.3871557843495166, ""positional_bias_rate"": 0.4095238095238095}",rits,simple_with_synthetic_persona,420
cards.biggen_bench.results.human_eval,"granite_3,3_8b_instruct",biggen_bench,results.human_eval,tool_usage,tool_usage,"{""spearman"": 0.3013671706873222, ""pearson"": 0.3007302105988367, ""positional_bias_rate"": 0.45714285714285713}",rits,simple_with_synthetic_persona,280
cards.biggen_bench.results.human_eval,"granite_3,3_8b_instruct",biggen_bench,results.human_eval,instruction_following,instruction_following,"{""spearman"": 0.29002764253760543, ""pearson"": 0.37310015557570014, ""positional_bias_rate"": 0.45}",rits,simple_with_synthetic_persona,400
cards.biggen_bench.results.human_eval,"granite_3,3_8b_instruct",biggen_bench,results.human_eval,planning,planning,"{""spearman"": 0.4421209386207184, ""pearson"": 0.49967135959988174, ""positional_bias_rate"": 0.38571428571428573}",rits,simple_with_synthetic_persona,280
cards.biggen_bench.results.human_eval,llama_3_3_70b_instruct,biggen_bench,results.human_eval,overall,several_criteria,"{""spearman"": 0.5893614413991622, ""pearson"": 0.6069181501951282, ""positional_bias_rate"": 0.2921875}",rits,simple_with_synthetic_persona,3200
cards.biggen_bench.results.human_eval,llama_3_3_70b_instruct,biggen_bench,results.human_eval,tool_usage,tool_usage,"{""spearman"": 0.4836072391857448, ""pearson"": 0.4692728631082135, ""positional_bias_rate"": 0.39285714285714285}",rits,simple_with_synthetic_persona,280
cards.biggen_bench.results.human_eval,llama_3_3_70b_instruct,biggen_bench,results.human_eval,refinement,refinement,"{""spearman"": 0.4575814536224683, ""pearson"": 0.45860297372408415, ""positional_bias_rate"": 0.3190789473684211}",rits,simple_with_synthetic_persona,304
cards.biggen_bench.results.human_eval,llama_3_3_70b_instruct,biggen_bench,results.human_eval,safety,safety,"{""spearman"": 0.6045570985323879, ""pearson"": 0.6715117517149559, ""positional_bias_rate"": 0.19936708860759494}",rits,simple_with_synthetic_persona,316
cards.biggen_bench.results.human_eval,llama_3_3_70b_instruct,biggen_bench,results.human_eval,multilingual,multilingual,"{""spearman"": 0.5241272479714114, ""pearson"": 0.5221317265127575, ""positional_bias_rate"": 0.3333333333333333}",rits,simple_with_synthetic_persona,420
cards.biggen_bench.results.human_eval,llama_3_3_70b_instruct,biggen_bench,results.human_eval,grounding,grounding,"{""spearman"": 0.6884398835332857, ""pearson"": 0.7277703147319772, ""positional_bias_rate"": 0.21}",rits,simple_with_synthetic_persona,400
cards.biggen_bench.results.human_eval,llama_3_3_70b_instruct,biggen_bench,results.human_eval,theory_of_mind,theory_of_mind,"{""spearman"": 0.4102224614160118, ""pearson"": 0.4665835223659099, ""positional_bias_rate"": 0.3125}",rits,simple_with_synthetic_persona,400
cards.biggen_bench.results.human_eval,llama_3_3_70b_instruct,biggen_bench,results.human_eval,instruction_following,instruction_following,"{""spearman"": 0.572586647771283, ""pearson"": 0.6494337733173683, ""positional_bias_rate"": 0.265}",rits,simple_with_synthetic_persona,400
cards.biggen_bench.results.human_eval,llama_3_3_70b_instruct,biggen_bench,results.human_eval,reasoning,reasoning,"{""spearman"": 0.6348744732752197, ""pearson"": 0.6454140274356388, ""positional_bias_rate"": 0.295}",rits,simple_with_synthetic_persona,400
cards.biggen_bench.results.human_eval,llama_3_3_70b_instruct,biggen_bench,results.human_eval,planning,planning,"{""spearman"": 0.5750888238612412, ""pearson"": 0.6221002951500804, ""positional_bias_rate"": 0.32857142857142857}",rits,simple_with_synthetic_persona,280
cards.biggen_bench.results.human_eval,deepseek_v3,biggen_bench,results.human_eval,overall,several_criteria,"{""spearman"": 0.6069419085298345, ""pearson"": 0.6275215582359901, ""positional_bias_rate"": 0.350625}",rits,simple_with_synthetic_persona,3200
cards.biggen_bench.results.human_eval,deepseek_v3,biggen_bench,results.human_eval,instruction_following,instruction_following,"{""spearman"": 0.6025763213182571, ""pearson"": 0.6732190462335915, ""positional_bias_rate"": 0.33}",rits,simple_with_synthetic_persona,400
cards.biggen_bench.results.human_eval,deepseek_v3,biggen_bench,results.human_eval,multilingual,multilingual,"{""spearman"": 0.5937616825423283, ""pearson"": 0.5890992933116971, ""positional_bias_rate"": 0.35}",rits,simple_with_synthetic_persona,420
cards.biggen_bench.results.human_eval,deepseek_v3,biggen_bench,results.human_eval,grounding,grounding,"{""spearman"": 0.6668870481552287, ""pearson"": 0.7112291917629157, ""positional_bias_rate"": 0.2575}",rits,simple_with_synthetic_persona,400
cards.biggen_bench.results.human_eval,deepseek_v3,biggen_bench,results.human_eval,refinement,refinement,"{""spearman"": 0.52849936345353, ""pearson"": 0.5295388235255601, ""positional_bias_rate"": 0.4473684210526316}",rits,simple_with_synthetic_persona,304
cards.biggen_bench.results.human_eval,deepseek_v3,biggen_bench,results.human_eval,safety,safety,"{""spearman"": 0.5626540753355329, ""pearson"": 0.6419012976826028, ""positional_bias_rate"": 0.26582278481012656}",rits,simple_with_synthetic_persona,316
cards.biggen_bench.results.human_eval,deepseek_v3,biggen_bench,results.human_eval,tool_usage,tool_usage,"{""spearman"": 0.4623172034290148, ""pearson"": 0.4660177593264768, ""positional_bias_rate"": 0.3357142857142857}",rits,simple_with_synthetic_persona,280
cards.biggen_bench.results.human_eval,deepseek_v3,biggen_bench,results.human_eval,theory_of_mind,theory_of_mind,"{""spearman"": 0.43342547064331355, ""pearson"": 0.49877387217084035, ""positional_bias_rate"": 0.4}",rits,simple_with_synthetic_persona,400
cards.biggen_bench.results.human_eval,deepseek_v3,biggen_bench,results.human_eval,planning,planning,"{""spearman"": 0.6277419507399623, ""pearson"": 0.647626113065852, ""positional_bias_rate"": 0.44285714285714284}",rits,simple_with_synthetic_persona,280
cards.biggen_bench.results.human_eval,deepseek_v3,biggen_bench,results.human_eval,reasoning,reasoning,"{""spearman"": 0.6019251955664653, ""pearson"": 0.6190234391246519, ""positional_bias_rate"": 0.355}",rits,simple_with_synthetic_persona,400
cards.biggen_bench.results.human_eval,llama_4_maverick_17b_128e_instruct_fp8,biggen_bench,results.human_eval,overall,several_criteria,"{""spearman"": 0.5991400591719622, ""pearson"": 0.6192347043384361, ""positional_bias_rate"": 0.2946875}",rits,simple,3200
cards.biggen_bench.results.human_eval,llama_4_maverick_17b_128e_instruct_fp8,biggen_bench,results.human_eval,instruction_following,instruction_following,"{""spearman"": 0.5939191413712327, ""pearson"": 0.6829472511502452, ""positional_bias_rate"": 0.2675}",rits,simple,400
cards.biggen_bench.results.human_eval,llama_4_maverick_17b_128e_instruct_fp8,biggen_bench,results.human_eval,multilingual,multilingual,"{""spearman"": 0.5625876139769356, ""pearson"": 0.5641237423764454, ""positional_bias_rate"": 0.31666666666666665}",rits,simple,420
cards.biggen_bench.results.human_eval,llama_4_maverick_17b_128e_instruct_fp8,biggen_bench,results.human_eval,grounding,grounding,"{""spearman"": 0.6604819364835636, ""pearson"": 0.6826183119420095, ""positional_bias_rate"": 0.2475}",rits,simple,400
cards.biggen_bench.results.human_eval,llama_4_maverick_17b_128e_instruct_fp8,biggen_bench,results.human_eval,refinement,refinement,"{""spearman"": 0.5085643877172731, ""pearson"": 0.5106121551605389, ""positional_bias_rate"": 0.3026315789473684}",rits,simple,304
cards.biggen_bench.results.human_eval,llama_4_maverick_17b_128e_instruct_fp8,biggen_bench,results.human_eval,safety,safety,"{""spearman"": 0.6327457206993943, ""pearson"": 0.7117635416255679, ""positional_bias_rate"": 0.20569620253164558}",rits,simple,316
cards.biggen_bench.results.human_eval,llama_4_maverick_17b_128e_instruct_fp8,biggen_bench,results.human_eval,tool_usage,tool_usage,"{""spearman"": 0.4941738347755328, ""pearson"": 0.4869160525779489, ""positional_bias_rate"": 0.3107142857142857}",rits,simple,280
cards.biggen_bench.results.human_eval,llama_4_maverick_17b_128e_instruct_fp8,biggen_bench,results.human_eval,theory_of_mind,theory_of_mind,"{""spearman"": 0.4293249851957712, ""pearson"": 0.48229009902050934, ""positional_bias_rate"": 0.3625}",rits,simple,400
cards.biggen_bench.results.human_eval,llama_4_maverick_17b_128e_instruct_fp8,biggen_bench,results.human_eval,planning,planning,"{""spearman"": 0.6043289943268315, ""pearson"": 0.6544012437538895, ""positional_bias_rate"": 0.34285714285714286}",rits,simple,280
cards.biggen_bench.results.human_eval,llama_4_maverick_17b_128e_instruct_fp8,biggen_bench,results.human_eval,reasoning,reasoning,"{""spearman"": 0.605897001544912, ""pearson"": 0.6230134684404885, ""positional_bias_rate"": 0.2975}",rits,simple,400
cards.biggen_bench.results.human_eval,llama_3_3_70b_instruct,biggen_bench,results.human_eval,overall,several_criteria,"{""spearman"": 0.5974235991846887, ""pearson"": 0.6183971149430317, ""positional_bias_rate"": 0.2946875}",rits,simple,3200
cards.biggen_bench.results.human_eval,llama_3_3_70b_instruct,biggen_bench,results.human_eval,instruction_following,instruction_following,"{""spearman"": 0.6108616605588392, ""pearson"": 0.6904624729788285, ""positional_bias_rate"": 0.28}",rits,simple,400
cards.biggen_bench.results.human_eval,llama_3_3_70b_instruct,biggen_bench,results.human_eval,multilingual,multilingual,"{""spearman"": 0.5548952501079104, ""pearson"": 0.5576050078687511, ""positional_bias_rate"": 0.3333333333333333}",rits,simple,420
cards.biggen_bench.results.human_eval,llama_3_3_70b_instruct,biggen_bench,results.human_eval,grounding,grounding,"{""spearman"": 0.7042106927106332, ""pearson"": 0.7609760569725894, ""positional_bias_rate"": 0.24}",rits,simple,400
cards.biggen_bench.results.human_eval,llama_3_3_70b_instruct,biggen_bench,results.human_eval,refinement,refinement,"{""spearman"": 0.40580527673236266, ""pearson"": 0.41214263228040254, ""positional_bias_rate"": 0.3059210526315789}",rits,simple,304
cards.biggen_bench.results.human_eval,llama_3_3_70b_instruct,biggen_bench,results.human_eval,safety,safety,"{""spearman"": 0.5943353218631015, ""pearson"": 0.6664905990871857, ""positional_bias_rate"": 0.22468354430379747}",rits,simple,316
cards.biggen_bench.results.human_eval,llama_3_3_70b_instruct,biggen_bench,results.human_eval,tool_usage,tool_usage,"{""spearman"": 0.47714953861042947, ""pearson"": 0.4733326301309155, ""positional_bias_rate"": 0.3678571428571429}",rits,simple,280
cards.biggen_bench.results.human_eval,llama_3_3_70b_instruct,biggen_bench,results.human_eval,theory_of_mind,theory_of_mind,"{""spearman"": 0.40469974723650587, ""pearson"": 0.4573179165322523, ""positional_bias_rate"": 0.3075}",rits,simple,400
cards.biggen_bench.results.human_eval,llama_3_3_70b_instruct,biggen_bench,results.human_eval,planning,planning,"{""spearman"": 0.5773442392372803, ""pearson"": 0.6174839391474013, ""positional_bias_rate"": 0.31785714285714284}",rits,simple,280
cards.biggen_bench.results.human_eval,llama_3_3_70b_instruct,biggen_bench,results.human_eval,reasoning,reasoning,"{""spearman"": 0.6420075851766796, ""pearson"": 0.6671612896660939, ""positional_bias_rate"": 0.29}",rits,simple,400
cards.biggen_bench.results.human_eval,phi_4,biggen_bench,results.human_eval,overall,several_criteria,"{""spearman"": 0.5426158236411309, ""pearson"": 0.5588792483544616, ""positional_bias_rate"": 0.355625}",rits,simple_with_synthetic_persona,3200
cards.biggen_bench.results.human_eval,phi_4,biggen_bench,results.human_eval,instruction_following,instruction_following,"{""spearman"": 0.5493165121286553, ""pearson"": 0.6442041549808089, ""positional_bias_rate"": 0.31}",rits,simple_with_synthetic_persona,400
cards.biggen_bench.results.human_eval,phi_4,biggen_bench,results.human_eval,theory_of_mind,theory_of_mind,"{""spearman"": 0.407342581438634, ""pearson"": 0.42510404592977963, ""positional_bias_rate"": 0.39}",rits,simple_with_synthetic_persona,400
cards.biggen_bench.results.human_eval,phi_4,biggen_bench,results.human_eval,grounding,grounding,"{""spearman"": 0.6379258513847217, ""pearson"": 0.6725743348930222, ""positional_bias_rate"": 0.315}",rits,simple_with_synthetic_persona,400
cards.biggen_bench.results.human_eval,phi_4,biggen_bench,results.human_eval,multilingual,multilingual,"{""spearman"": 0.4368860135591205, ""pearson"": 0.4378767302995388, ""positional_bias_rate"": 0.3738095238095238}",rits,simple_with_synthetic_persona,420
cards.biggen_bench.results.human_eval,phi_4,biggen_bench,results.human_eval,refinement,refinement,"{""spearman"": 0.3918497592650864, ""pearson"": 0.37581585637168646, ""positional_bias_rate"": 0.34868421052631576}",rits,simple_with_synthetic_persona,304
cards.biggen_bench.results.human_eval,phi_4,biggen_bench,results.human_eval,tool_usage,tool_usage,"{""spearman"": 0.4666340328043021, ""pearson"": 0.4625232178324617, ""positional_bias_rate"": 0.40714285714285714}",rits,simple_with_synthetic_persona,280
cards.biggen_bench.results.human_eval,phi_4,biggen_bench,results.human_eval,safety,safety,"{""spearman"": 0.5309012352901558, ""pearson"": 0.6169915125019338, ""positional_bias_rate"": 0.21518987341772153}",rits,simple_with_synthetic_persona,316
cards.biggen_bench.results.human_eval,phi_4,biggen_bench,results.human_eval,reasoning,reasoning,"{""spearman"": 0.5119930688552194, ""pearson"": 0.509619801645683, ""positional_bias_rate"": 0.39}",rits,simple_with_synthetic_persona,400
cards.biggen_bench.results.human_eval,phi_4,biggen_bench,results.human_eval,planning,planning,"{""spearman"": 0.6233160263853494, ""pearson"": 0.6527721471427657, ""positional_bias_rate"": 0.46785714285714286}",rits,simple_with_synthetic_persona,280
cards.biggen_bench.results.human_eval,deepseek_v3,biggen_bench,results.human_eval,overall,several_criteria,"{""spearman"": 0.6161266297878351, ""pearson"": 0.6323968635787613, ""positional_bias_rate"": 0.326875}",rits,simple,3200
cards.biggen_bench.results.human_eval,deepseek_v3,biggen_bench,results.human_eval,instruction_following,instruction_following,"{""spearman"": 0.6192272900505169, ""pearson"": 0.6917479470021836, ""positional_bias_rate"": 0.325}",rits,simple,400
cards.biggen_bench.results.human_eval,deepseek_v3,biggen_bench,results.human_eval,theory_of_mind,theory_of_mind,"{""spearman"": 0.45181534928480604, ""pearson"": 0.498803977921683, ""positional_bias_rate"": 0.3775}",rits,simple,400
cards.biggen_bench.results.human_eval,deepseek_v3,biggen_bench,results.human_eval,grounding,grounding,"{""spearman"": 0.6694450190318241, ""pearson"": 0.7311120647455649, ""positional_bias_rate"": 0.285}",rits,simple,400
cards.biggen_bench.results.human_eval,deepseek_v3,biggen_bench,results.human_eval,multilingual,multilingual,"{""spearman"": 0.5595298175444983, ""pearson"": 0.5705641305642631, ""positional_bias_rate"": 0.31666666666666665}",rits,simple,420
cards.biggen_bench.results.human_eval,deepseek_v3,biggen_bench,results.human_eval,refinement,refinement,"{""spearman"": 0.580440624054427, ""pearson"": 0.5848649409372589, ""positional_bias_rate"": 0.3684210526315789}",rits,simple,304
cards.biggen_bench.results.human_eval,deepseek_v3,biggen_bench,results.human_eval,tool_usage,tool_usage,"{""spearman"": 0.47256742754362585, ""pearson"": 0.47871426248420723, ""positional_bias_rate"": 0.31785714285714284}",rits,simple,280
cards.biggen_bench.results.human_eval,deepseek_v3,biggen_bench,results.human_eval,safety,safety,"{""spearman"": 0.5634009333320774, ""pearson"": 0.6182032350213855, ""positional_bias_rate"": 0.2974683544303797}",rits,simple,316
cards.biggen_bench.results.human_eval,deepseek_v3,biggen_bench,results.human_eval,reasoning,reasoning,"{""spearman"": 0.6073737042607593, ""pearson"": 0.6175445493473164, ""positional_bias_rate"": 0.29}",rits,simple,400
cards.biggen_bench.results.human_eval,deepseek_v3,biggen_bench,results.human_eval,planning,planning,"{""spearman"": 0.6108454469630044, ""pearson"": 0.6367648460830448, ""positional_bias_rate"": 0.3821428571428571}",rits,simple,280
cards.biggen_bench.results.human_eval,"granite_3,3_8b_instruct",biggen_bench,results.human_eval,overall,several_criteria,"{""spearman"": 0.3971941828386661, ""pearson"": 0.42367925036866283, ""positional_bias_rate"": 0.41875}",rits,simple,3200
cards.biggen_bench.results.human_eval,"granite_3,3_8b_instruct",biggen_bench,results.human_eval,instruction_following,instruction_following,"{""spearman"": 0.3782449731515006, ""pearson"": 0.4395573194958604, ""positional_bias_rate"": 0.4775}",rits,simple,400
cards.biggen_bench.results.human_eval,"granite_3,3_8b_instruct",biggen_bench,results.human_eval,theory_of_mind,theory_of_mind,"{""spearman"": 0.22966014217651814, ""pearson"": 0.28912095402398535, ""positional_bias_rate"": 0.4825}",rits,simple,400
cards.biggen_bench.results.human_eval,"granite_3,3_8b_instruct",biggen_bench,results.human_eval,grounding,grounding,"{""spearman"": 0.38702656814614633, ""pearson"": 0.3993376485170437, ""positional_bias_rate"": 0.3375}",rits,simple,400
cards.biggen_bench.results.human_eval,"granite_3,3_8b_instruct",biggen_bench,results.human_eval,multilingual,multilingual,"{""spearman"": 0.39613106658470115, ""pearson"": 0.3893979836613369, ""positional_bias_rate"": 0.4880952380952381}",rits,simple,420
cards.biggen_bench.results.human_eval,"granite_3,3_8b_instruct",biggen_bench,results.human_eval,refinement,refinement,"{""spearman"": 0.08177560060103761, ""pearson"": 0.09312718774407086, ""positional_bias_rate"": 0.33881578947368424}",rits,simple,304
cards.biggen_bench.results.human_eval,"granite_3,3_8b_instruct",biggen_bench,results.human_eval,tool_usage,tool_usage,"{""spearman"": 0.3253136548284208, ""pearson"": 0.31719538695171184, ""positional_bias_rate"": 0.45714285714285713}",rits,simple,280
cards.biggen_bench.results.human_eval,"granite_3,3_8b_instruct",biggen_bench,results.human_eval,safety,safety,"{""spearman"": 0.4075181150138772, ""pearson"": 0.4809332050701059, ""positional_bias_rate"": 0.2689873417721519}",rits,simple,316
cards.biggen_bench.results.human_eval,"granite_3,3_8b_instruct",biggen_bench,results.human_eval,reasoning,reasoning,"{""spearman"": 0.4917050339267471, ""pearson"": 0.5210949760097956, ""positional_bias_rate"": 0.4225}",rits,simple,400
cards.biggen_bench.results.human_eval,"granite_3,3_8b_instruct",biggen_bench,results.human_eval,planning,planning,"{""spearman"": 0.4964415534926361, ""pearson"": 0.5162051370253415, ""positional_bias_rate"": 0.46785714285714286}",rits,simple,280
cards.biggen_bench.results.human_eval,llama_4_maverick_17b_128e_instruct_fp8,biggen_bench,results.human_eval,overall,several_criteria,"{""spearman"": 0.5968558274085644, ""pearson"": 0.6166690534513252, ""positional_bias_rate"": 0.29125}",rits,simple_with_synthetic_persona_with_self_consistency,3200
cards.biggen_bench.results.human_eval,llama_4_maverick_17b_128e_instruct_fp8,biggen_bench,results.human_eval,instruction_following,instruction_following,"{""spearman"": 0.5893858413995646, ""pearson"": 0.6827569356421496, ""positional_bias_rate"": 0.2625}",rits,simple_with_synthetic_persona_with_self_consistency,400
cards.biggen_bench.results.human_eval,llama_4_maverick_17b_128e_instruct_fp8,biggen_bench,results.human_eval,theory_of_mind,theory_of_mind,"{""spearman"": 0.3994186814222003, ""pearson"": 0.47377913195838955, ""positional_bias_rate"": 0.2925}",rits,simple_with_synthetic_persona_with_self_consistency,400
cards.biggen_bench.results.human_eval,llama_4_maverick_17b_128e_instruct_fp8,biggen_bench,results.human_eval,grounding,grounding,"{""spearman"": 0.6803078422821842, ""pearson"": 0.6960494938639041, ""positional_bias_rate"": 0.21}",rits,simple_with_synthetic_persona_with_self_consistency,400
cards.biggen_bench.results.human_eval,llama_4_maverick_17b_128e_instruct_fp8,biggen_bench,results.human_eval,multilingual,multilingual,"{""spearman"": 0.5409305039930838, ""pearson"": 0.543361127375477, ""positional_bias_rate"": 0.35714285714285715}",rits,simple_with_synthetic_persona_with_self_consistency,420
cards.biggen_bench.results.human_eval,llama_4_maverick_17b_128e_instruct_fp8,biggen_bench,results.human_eval,refinement,refinement,"{""spearman"": 0.5047627073479726, ""pearson"": 0.49843736475509465, ""positional_bias_rate"": 0.3157894736842105}",rits,simple_with_synthetic_persona_with_self_consistency,304
cards.biggen_bench.results.human_eval,llama_4_maverick_17b_128e_instruct_fp8,biggen_bench,results.human_eval,tool_usage,tool_usage,"{""spearman"": 0.48582943637795917, ""pearson"": 0.47651385115413125, ""positional_bias_rate"": 0.3464285714285714}",rits,simple_with_synthetic_persona_with_self_consistency,280
cards.biggen_bench.results.human_eval,llama_4_maverick_17b_128e_instruct_fp8,biggen_bench,results.human_eval,safety,safety,"{""spearman"": 0.5981816154282081, ""pearson"": 0.6733094222358917, ""positional_bias_rate"": 0.25}",rits,simple_with_synthetic_persona_with_self_consistency,316
cards.biggen_bench.results.human_eval,llama_4_maverick_17b_128e_instruct_fp8,biggen_bench,results.human_eval,reasoning,reasoning,"{""spearman"": 0.6297530678262492, ""pearson"": 0.6505883344739396, ""positional_bias_rate"": 0.2825}",rits,simple_with_synthetic_persona_with_self_consistency,400
cards.biggen_bench.results.human_eval,llama_4_maverick_17b_128e_instruct_fp8,biggen_bench,results.human_eval,planning,planning,"{""spearman"": 0.5941017192215469, ""pearson"": 0.6281693079769993, ""positional_bias_rate"": 0.325}",rits,simple_with_synthetic_persona_with_self_consistency,280
cards.biggen_bench.results.human_eval,llama_4_scout_17b_16e_instruct,biggen_bench,results.human_eval,overall,several_criteria,"{""spearman"": 0.5777643193319164, ""pearson"": 0.5993356110643224, ""positional_bias_rate"": 0.36375}",rits,simple_with_self_consistency,3200
cards.biggen_bench.results.human_eval,llama_4_scout_17b_16e_instruct,biggen_bench,results.human_eval,instruction_following,instruction_following,"{""spearman"": 0.48975066521705635, ""pearson"": 0.5854135205135966, ""positional_bias_rate"": 0.3375}",rits,simple_with_self_consistency,400
cards.biggen_bench.results.human_eval,llama_4_scout_17b_16e_instruct,biggen_bench,results.human_eval,theory_of_mind,theory_of_mind,"{""spearman"": 0.4443031198148049, ""pearson"": 0.4691748187534961, ""positional_bias_rate"": 0.4125}",rits,simple_with_self_consistency,400
cards.biggen_bench.results.human_eval,llama_4_scout_17b_16e_instruct,biggen_bench,results.human_eval,grounding,grounding,"{""spearman"": 0.6699367330200623, ""pearson"": 0.7076023875558164, ""positional_bias_rate"": 0.25}",rits,simple_with_self_consistency,400
cards.biggen_bench.results.human_eval,llama_4_scout_17b_16e_instruct,biggen_bench,results.human_eval,multilingual,multilingual,"{""spearman"": 0.5651225979016927, ""pearson"": 0.5631158711448256, ""positional_bias_rate"": 0.4166666666666667}",rits,simple_with_self_consistency,420
cards.biggen_bench.results.human_eval,llama_4_scout_17b_16e_instruct,biggen_bench,results.human_eval,refinement,refinement,"{""spearman"": 0.47875507507211706, ""pearson"": 0.48055829902154623, ""positional_bias_rate"": 0.3782894736842105}",rits,simple_with_self_consistency,304
cards.biggen_bench.results.human_eval,llama_4_scout_17b_16e_instruct,biggen_bench,results.human_eval,tool_usage,tool_usage,"{""spearman"": 0.4099565489559849, ""pearson"": 0.416232123945127, ""positional_bias_rate"": 0.4928571428571429}",rits,simple_with_self_consistency,280
cards.biggen_bench.results.human_eval,llama_4_scout_17b_16e_instruct,biggen_bench,results.human_eval,safety,safety,"{""spearman"": 0.581586083691845, ""pearson"": 0.6597548504799953, ""positional_bias_rate"": 0.3037974683544304}",rits,simple_with_self_consistency,316
cards.biggen_bench.results.human_eval,llama_4_scout_17b_16e_instruct,biggen_bench,results.human_eval,reasoning,reasoning,"{""spearman"": 0.602481199318494, ""pearson"": 0.6179898400516151, ""positional_bias_rate"": 0.315}",rits,simple_with_self_consistency,400
cards.biggen_bench.results.human_eval,llama_4_scout_17b_16e_instruct,biggen_bench,results.human_eval,planning,planning,"{""spearman"": 0.6246589843399568, ""pearson"": 0.6605769424169337, ""positional_bias_rate"": 0.40714285714285714}",rits,simple_with_self_consistency,280
cards.biggen_bench.results.human_eval,llama_4_maverick_17b_128e_instruct_fp8,biggen_bench,results.human_eval,overall,several_criteria,"{""spearman"": 0.597588589863082, ""pearson"": 0.6161249303382327, ""positional_bias_rate"": 0.284375}",rits,simple_with_self_consistency,3200
cards.biggen_bench.results.human_eval,llama_4_maverick_17b_128e_instruct_fp8,biggen_bench,results.human_eval,instruction_following,instruction_following,"{""spearman"": 0.5757927662001588, ""pearson"": 0.658150386040125, ""positional_bias_rate"": 0.255}",rits,simple_with_self_consistency,400
cards.biggen_bench.results.human_eval,llama_4_maverick_17b_128e_instruct_fp8,biggen_bench,results.human_eval,theory_of_mind,theory_of_mind,"{""spearman"": 0.4257818862455694, ""pearson"": 0.46389989886744815, ""positional_bias_rate"": 0.3}",rits,simple_with_self_consistency,400
cards.biggen_bench.results.human_eval,llama_4_maverick_17b_128e_instruct_fp8,biggen_bench,results.human_eval,grounding,grounding,"{""spearman"": 0.648075669015859, ""pearson"": 0.6748545534522588, ""positional_bias_rate"": 0.2475}",rits,simple_with_self_consistency,400
cards.biggen_bench.results.human_eval,llama_4_maverick_17b_128e_instruct_fp8,biggen_bench,results.human_eval,multilingual,multilingual,"{""spearman"": 0.5740243756704227, ""pearson"": 0.5732449748190522, ""positional_bias_rate"": 0.31666666666666665}",rits,simple_with_self_consistency,420
cards.biggen_bench.results.human_eval,llama_4_maverick_17b_128e_instruct_fp8,biggen_bench,results.human_eval,refinement,refinement,"{""spearman"": 0.5292436401876527, ""pearson"": 0.5279597414323576, ""positional_bias_rate"": 0.3092105263157895}",rits,simple_with_self_consistency,304
cards.biggen_bench.results.human_eval,llama_4_maverick_17b_128e_instruct_fp8,biggen_bench,results.human_eval,tool_usage,tool_usage,"{""spearman"": 0.49046933920156316, ""pearson"": 0.4835355544754386, ""positional_bias_rate"": 0.3464285714285714}",rits,simple_with_self_consistency,280
cards.biggen_bench.results.human_eval,llama_4_maverick_17b_128e_instruct_fp8,biggen_bench,results.human_eval,safety,safety,"{""spearman"": 0.6185534990114294, ""pearson"": 0.7063518151466976, ""positional_bias_rate"": 0.2120253164556962}",rits,simple_with_self_consistency,316
cards.biggen_bench.results.human_eval,llama_4_maverick_17b_128e_instruct_fp8,biggen_bench,results.human_eval,reasoning,reasoning,"{""spearman"": 0.6043163351895273, ""pearson"": 0.6252494498021355, ""positional_bias_rate"": 0.285}",rits,simple_with_self_consistency,400
cards.biggen_bench.results.human_eval,llama_4_maverick_17b_128e_instruct_fp8,biggen_bench,results.human_eval,planning,planning,"{""spearman"": 0.6176566623471336, ""pearson"": 0.6521777824457293, ""positional_bias_rate"": 0.3}",rits,simple_with_self_consistency,280
cards.biggen_bench.results.human_eval,deepseek_v3,biggen_bench,results.human_eval,overall,several_criteria,"{""spearman"": 0.6046830897527594, ""pearson"": 0.6208889563279119, ""positional_bias_rate"": 0.3484375}",rits,simple_with_synthetic_persona_with_self_consistency,3200
cards.biggen_bench.results.human_eval,deepseek_v3,biggen_bench,results.human_eval,instruction_following,instruction_following,"{""spearman"": 0.6086150808680099, ""pearson"": 0.6808833991696999, ""positional_bias_rate"": 0.3025}",rits,simple_with_synthetic_persona_with_self_consistency,400
cards.biggen_bench.results.human_eval,deepseek_v3,biggen_bench,results.human_eval,theory_of_mind,theory_of_mind,"{""spearman"": 0.40500506166298705, ""pearson"": 0.46820546883359476, ""positional_bias_rate"": 0.395}",rits,simple_with_synthetic_persona_with_self_consistency,400
cards.biggen_bench.results.human_eval,deepseek_v3,biggen_bench,results.human_eval,grounding,grounding,"{""spearman"": 0.6653344344643338, ""pearson"": 0.7046560421347746, ""positional_bias_rate"": 0.2675}",rits,simple_with_synthetic_persona_with_self_consistency,400
cards.biggen_bench.results.human_eval,deepseek_v3,biggen_bench,results.human_eval,multilingual,multilingual,"{""spearman"": 0.578972770833469, ""pearson"": 0.5907726367932025, ""positional_bias_rate"": 0.38571428571428573}",rits,simple_with_synthetic_persona_with_self_consistency,420
cards.biggen_bench.results.human_eval,deepseek_v3,biggen_bench,results.human_eval,refinement,refinement,"{""spearman"": 0.5506927376534773, ""pearson"": 0.5523162002613038, ""positional_bias_rate"": 0.3848684210526316}",rits,simple_with_synthetic_persona_with_self_consistency,304
cards.biggen_bench.results.human_eval,deepseek_v3,biggen_bench,results.human_eval,tool_usage,tool_usage,"{""spearman"": 0.4484599494319662, ""pearson"": 0.45440670777338543, ""positional_bias_rate"": 0.32142857142857145}",rits,simple_with_synthetic_persona_with_self_consistency,280
cards.biggen_bench.results.human_eval,deepseek_v3,biggen_bench,results.human_eval,safety,safety,"{""spearman"": 0.5485674620793612, ""pearson"": 0.6249356337259455, ""positional_bias_rate"": 0.33860759493670883}",rits,simple_with_synthetic_persona_with_self_consistency,316
cards.biggen_bench.results.human_eval,deepseek_v3,biggen_bench,results.human_eval,reasoning,reasoning,"{""spearman"": 0.6120187291291387, ""pearson"": 0.6214859967180921, ""positional_bias_rate"": 0.34}",rits,simple_with_synthetic_persona_with_self_consistency,400
cards.biggen_bench.results.human_eval,deepseek_v3,biggen_bench,results.human_eval,planning,planning,"{""spearman"": 0.6177001867366185, ""pearson"": 0.6459814395120662, ""positional_bias_rate"": 0.41785714285714287}",rits,simple_with_synthetic_persona_with_self_consistency,280
cards.biggen_bench.results.human_eval,llama_3_3_70b_instruct,biggen_bench,results.human_eval,overall,several_criteria,"{""spearman"": 0.5149363185881247, ""pearson"": 0.547171780022038, ""positional_bias_rate"": 0.2946875}",rits,unitxt,3200
cards.biggen_bench.results.human_eval,llama_3_3_70b_instruct,biggen_bench,results.human_eval,instruction_following,instruction_following,"{""spearman"": 0.5093819241673964, ""pearson"": 0.5751173024980712, ""positional_bias_rate"": 0.265}",rits,unitxt,400
cards.biggen_bench.results.human_eval,llama_3_3_70b_instruct,biggen_bench,results.human_eval,theory_of_mind,theory_of_mind,"{""spearman"": 0.3201179715991632, ""pearson"": 0.45153219981362025, ""positional_bias_rate"": 0.31}",rits,unitxt,400
cards.biggen_bench.results.human_eval,llama_3_3_70b_instruct,biggen_bench,results.human_eval,grounding,grounding,"{""spearman"": 0.49435489910781144, ""pearson"": 0.5603666259569277, ""positional_bias_rate"": 0.27}",rits,unitxt,400
cards.biggen_bench.results.human_eval,llama_3_3_70b_instruct,biggen_bench,results.human_eval,multilingual,multilingual,"{""spearman"": 0.4346681729394553, ""pearson"": 0.4324054422195185, ""positional_bias_rate"": 0.3238095238095238}",rits,unitxt,420
cards.biggen_bench.results.human_eval,llama_3_3_70b_instruct,biggen_bench,results.human_eval,refinement,refinement,"{""spearman"": 0.3987264970708795, ""pearson"": 0.4012735903359512, ""positional_bias_rate"": 0.3256578947368421}",rits,unitxt,304
cards.biggen_bench.results.human_eval,llama_3_3_70b_instruct,biggen_bench,results.human_eval,tool_usage,tool_usage,"{""spearman"": 0.4595028641444749, ""pearson"": 0.4753989043964084, ""positional_bias_rate"": 0.36428571428571427}",rits,unitxt,280
cards.biggen_bench.results.human_eval,llama_3_3_70b_instruct,biggen_bench,results.human_eval,safety,safety,"{""spearman"": 0.5494553417293558, ""pearson"": 0.6340670937679198, ""positional_bias_rate"": 0.18354430379746836}",rits,unitxt,316
cards.biggen_bench.results.human_eval,llama_3_3_70b_instruct,biggen_bench,results.human_eval,reasoning,reasoning,"{""spearman"": 0.5423162678097124, ""pearson"": 0.5731656393432744, ""positional_bias_rate"": 0.305}",rits,unitxt,400
cards.biggen_bench.results.human_eval,llama_3_3_70b_instruct,biggen_bench,results.human_eval,planning,planning,"{""spearman"": 0.5326340733477877, ""pearson"": 0.5921088616886079, ""positional_bias_rate"": 0.3142857142857143}",rits,unitxt,280
cards.biggen_bench.results.human_eval,llama_3_3_70b_instruct,biggen_bench,results.human_eval,overall,several_criteria,"{""spearman"": 0.5883117692934824, ""pearson"": 0.6096769925076073, ""positional_bias_rate"": 0.2840625}",rits,simple_with_self_consistency,3200
cards.biggen_bench.results.human_eval,llama_3_3_70b_instruct,biggen_bench,results.human_eval,instruction_following,instruction_following,"{""spearman"": 0.5865022478947597, ""pearson"": 0.6815746011542246, ""positional_bias_rate"": 0.28}",rits,simple_with_self_consistency,400
cards.biggen_bench.results.human_eval,llama_3_3_70b_instruct,biggen_bench,results.human_eval,theory_of_mind,theory_of_mind,"{""spearman"": 0.39912521113430915, ""pearson"": 0.43630657863310984, ""positional_bias_rate"": 0.335}",rits,simple_with_self_consistency,400
cards.biggen_bench.results.human_eval,llama_3_3_70b_instruct,biggen_bench,results.human_eval,grounding,grounding,"{""spearman"": 0.6987687068440106, ""pearson"": 0.7363689745764184, ""positional_bias_rate"": 0.2075}",rits,simple_with_self_consistency,400
cards.biggen_bench.results.human_eval,llama_3_3_70b_instruct,biggen_bench,results.human_eval,multilingual,multilingual,"{""spearman"": 0.5281080826860758, ""pearson"": 0.5258400723597756, ""positional_bias_rate"": 0.35}",rits,simple_with_self_consistency,420
cards.biggen_bench.results.human_eval,llama_3_3_70b_instruct,biggen_bench,results.human_eval,refinement,refinement,"{""spearman"": 0.4573241720757327, ""pearson"": 0.4596415019173222, ""positional_bias_rate"": 0.28289473684210525}",rits,simple_with_self_consistency,304
cards.biggen_bench.results.human_eval,llama_3_3_70b_instruct,biggen_bench,results.human_eval,tool_usage,tool_usage,"{""spearman"": 0.47024819900741444, ""pearson"": 0.46364482823728437, ""positional_bias_rate"": 0.3464285714285714}",rits,simple_with_self_consistency,280
cards.biggen_bench.results.human_eval,llama_3_3_70b_instruct,biggen_bench,results.human_eval,safety,safety,"{""spearman"": 0.5883865951695996, ""pearson"": 0.6838242340363249, ""positional_bias_rate"": 0.20253164556962025}",rits,simple_with_self_consistency,316
cards.biggen_bench.results.human_eval,llama_3_3_70b_instruct,biggen_bench,results.human_eval,reasoning,reasoning,"{""spearman"": 0.6253374821615683, ""pearson"": 0.6407890729274766, ""positional_bias_rate"": 0.2725}",rits,simple_with_self_consistency,400
cards.biggen_bench.results.human_eval,llama_3_3_70b_instruct,biggen_bench,results.human_eval,planning,planning,"{""spearman"": 0.5946819492422822, ""pearson"": 0.6347428328508533, ""positional_bias_rate"": 0.275}",rits,simple_with_self_consistency,280
cards.biggen_bench.results.human_eval,phi_4,biggen_bench,results.human_eval,overall,several_criteria,"{""spearman"": 0.5394066227753782, ""pearson"": 0.5568239558415751, ""positional_bias_rate"": 0.37375}",rits,simple,3200
cards.biggen_bench.results.human_eval,phi_4,biggen_bench,results.human_eval,instruction_following,instruction_following,"{""spearman"": 0.5397302063307619, ""pearson"": 0.6452767557626296, ""positional_bias_rate"": 0.355}",rits,simple,400
cards.biggen_bench.results.human_eval,phi_4,biggen_bench,results.human_eval,theory_of_mind,theory_of_mind,"{""spearman"": 0.39928084042115, ""pearson"": 0.44032098259158753, ""positional_bias_rate"": 0.385}",rits,simple,400
cards.biggen_bench.results.human_eval,phi_4,biggen_bench,results.human_eval,grounding,grounding,"{""spearman"": 0.6634566159384491, ""pearson"": 0.7132312003339466, ""positional_bias_rate"": 0.29}",rits,simple,400
cards.biggen_bench.results.human_eval,phi_4,biggen_bench,results.human_eval,multilingual,multilingual,"{""spearman"": 0.43707966614884636, ""pearson"": 0.44041076523045253, ""positional_bias_rate"": 0.3976190476190476}",rits,simple,420
cards.biggen_bench.results.human_eval,phi_4,biggen_bench,results.human_eval,refinement,refinement,"{""spearman"": 0.4147613210778259, ""pearson"": 0.4051140270289172, ""positional_bias_rate"": 0.39473684210526316}",rits,simple,304
cards.biggen_bench.results.human_eval,phi_4,biggen_bench,results.human_eval,tool_usage,tool_usage,"{""spearman"": 0.4592622155780687, ""pearson"": 0.44646686076339726, ""positional_bias_rate"": 0.3821428571428571}",rits,simple,280
cards.biggen_bench.results.human_eval,phi_4,biggen_bench,results.human_eval,safety,safety,"{""spearman"": 0.5657461936929779, ""pearson"": 0.6520711261102572, ""positional_bias_rate"": 0.2468354430379747}",rits,simple,316
cards.biggen_bench.results.human_eval,phi_4,biggen_bench,results.human_eval,reasoning,reasoning,"{""spearman"": 0.4989381808991345, ""pearson"": 0.4977377955749769, ""positional_bias_rate"": 0.4775}",rits,simple,400
cards.biggen_bench.results.human_eval,phi_4,biggen_bench,results.human_eval,planning,planning,"{""spearman"": 0.5449141033543721, ""pearson"": 0.585400344662155, ""positional_bias_rate"": 0.43214285714285716}",rits,simple,280
cards.biggen_bench.results.human_eval,phi_4,biggen_bench,results.human_eval,overall,several_criteria,"{""spearman"": 0.5349009267566653, ""pearson"": 0.5543556611746874, ""positional_bias_rate"": 0.380625}",rits,simple_with_synthetic_persona_with_self_consistency,3200
cards.biggen_bench.results.human_eval,phi_4,biggen_bench,results.human_eval,instruction_following,instruction_following,"{""spearman"": 0.5457092604669981, ""pearson"": 0.6450293845223658, ""positional_bias_rate"": 0.3325}",rits,simple_with_synthetic_persona_with_self_consistency,400
cards.biggen_bench.results.human_eval,phi_4,biggen_bench,results.human_eval,theory_of_mind,theory_of_mind,"{""spearman"": 0.35368526025564184, ""pearson"": 0.4027540510802883, ""positional_bias_rate"": 0.435}",rits,simple_with_synthetic_persona_with_self_consistency,400
cards.biggen_bench.results.human_eval,phi_4,biggen_bench,results.human_eval,grounding,grounding,"{""spearman"": 0.6337948004136933, ""pearson"": 0.6991682076454273, ""positional_bias_rate"": 0.275}",rits,simple_with_synthetic_persona_with_self_consistency,400
cards.biggen_bench.results.human_eval,phi_4,biggen_bench,results.human_eval,multilingual,multilingual,"{""spearman"": 0.44208390158510763, ""pearson"": 0.44646170141154107, ""positional_bias_rate"": 0.42857142857142855}",rits,simple_with_synthetic_persona_with_self_consistency,420
cards.biggen_bench.results.human_eval,phi_4,biggen_bench,results.human_eval,refinement,refinement,"{""spearman"": 0.4051266747612197, ""pearson"": 0.3976402399822483, ""positional_bias_rate"": 0.40460526315789475}",rits,simple_with_synthetic_persona_with_self_consistency,304
cards.biggen_bench.results.human_eval,phi_4,biggen_bench,results.human_eval,tool_usage,tool_usage,"{""spearman"": 0.34982755118357256, ""pearson"": 0.34467425549262226, ""positional_bias_rate"": 0.4357142857142857}",rits,simple_with_synthetic_persona_with_self_consistency,280
cards.biggen_bench.results.human_eval,phi_4,biggen_bench,results.human_eval,safety,safety,"{""spearman"": 0.5703726230840632, ""pearson"": 0.6710805383497963, ""positional_bias_rate"": 0.2563291139240506}",rits,simple_with_synthetic_persona_with_self_consistency,316
cards.biggen_bench.results.human_eval,phi_4,biggen_bench,results.human_eval,reasoning,reasoning,"{""spearman"": 0.575315964980286, ""pearson"": 0.5752894397453534, ""positional_bias_rate"": 0.4025}",rits,simple_with_synthetic_persona_with_self_consistency,400
cards.biggen_bench.results.human_eval,phi_4,biggen_bench,results.human_eval,planning,planning,"{""spearman"": 0.5357819222414625, ""pearson"": 0.5557128020899609, ""positional_bias_rate"": 0.4785714285714286}",rits,simple_with_synthetic_persona_with_self_consistency,280
cards.biggen_bench.results.human_eval,llama_3_3_70b_instruct,biggen_bench,results.human_eval,overall,several_criteria,"{""spearman"": 0.5736211847142864, ""pearson"": 0.5940448001710701, ""positional_bias_rate"": 0.2909375}",rits,simple_with_synthetic_persona_with_self_consistency,3200
cards.biggen_bench.results.human_eval,llama_3_3_70b_instruct,biggen_bench,results.human_eval,instruction_following,instruction_following,"{""spearman"": 0.5916251257064526, ""pearson"": 0.6773845336899954, ""positional_bias_rate"": 0.3}",rits,simple_with_synthetic_persona_with_self_consistency,400
cards.biggen_bench.results.human_eval,llama_3_3_70b_instruct,biggen_bench,results.human_eval,theory_of_mind,theory_of_mind,"{""spearman"": 0.33422824103049087, ""pearson"": 0.3967460362865777, ""positional_bias_rate"": 0.325}",rits,simple_with_synthetic_persona_with_self_consistency,400
cards.biggen_bench.results.human_eval,llama_3_3_70b_instruct,biggen_bench,results.human_eval,grounding,grounding,"{""spearman"": 0.6657386203590302, ""pearson"": 0.7001622794262189, ""positional_bias_rate"": 0.2225}",rits,simple_with_synthetic_persona_with_self_consistency,400
cards.biggen_bench.results.human_eval,llama_3_3_70b_instruct,biggen_bench,results.human_eval,multilingual,multilingual,"{""spearman"": 0.5130022235288523, ""pearson"": 0.5144803539312169, ""positional_bias_rate"": 0.36904761904761907}",rits,simple_with_synthetic_persona_with_self_consistency,420
cards.biggen_bench.results.human_eval,llama_3_3_70b_instruct,biggen_bench,results.human_eval,refinement,refinement,"{""spearman"": 0.43015467314753253, ""pearson"": 0.43317312481765397, ""positional_bias_rate"": 0.29276315789473684}",rits,simple_with_synthetic_persona_with_self_consistency,304
cards.biggen_bench.results.human_eval,llama_3_3_70b_instruct,biggen_bench,results.human_eval,tool_usage,tool_usage,"{""spearman"": 0.4620224787969389, ""pearson"": 0.45458221629280054, ""positional_bias_rate"": 0.35714285714285715}",rits,simple_with_synthetic_persona_with_self_consistency,280
cards.biggen_bench.results.human_eval,llama_3_3_70b_instruct,biggen_bench,results.human_eval,safety,safety,"{""spearman"": 0.605547653952222, ""pearson"": 0.6750659465483998, ""positional_bias_rate"": 0.18670886075949367}",rits,simple_with_synthetic_persona_with_self_consistency,316
cards.biggen_bench.results.human_eval,llama_3_3_70b_instruct,biggen_bench,results.human_eval,reasoning,reasoning,"{""spearman"": 0.6314087587544579, ""pearson"": 0.6444570230953313, ""positional_bias_rate"": 0.2825}",rits,simple_with_synthetic_persona_with_self_consistency,400
cards.biggen_bench.results.human_eval,llama_3_3_70b_instruct,biggen_bench,results.human_eval,planning,planning,"{""spearman"": 0.5571070204693952, ""pearson"": 0.6068814489077959, ""positional_bias_rate"": 0.2714285714285714}",rits,simple_with_synthetic_persona_with_self_consistency,280
cards.biggen_bench.results.human_eval,deepseek_v3,biggen_bench,results.human_eval,overall,several_criteria,"{""spearman"": 0.6006397795681659, ""pearson"": 0.6159020033907638, ""positional_bias_rate"": 0.35125}",rits,simple_with_self_consistency,3200
cards.biggen_bench.results.human_eval,deepseek_v3,biggen_bench,results.human_eval,instruction_following,instruction_following,"{""spearman"": 0.5955571390788319, ""pearson"": 0.6625550259570189, ""positional_bias_rate"": 0.36}",rits,simple_with_self_consistency,400
cards.biggen_bench.results.human_eval,deepseek_v3,biggen_bench,results.human_eval,theory_of_mind,theory_of_mind,"{""spearman"": 0.47154085915462435, ""pearson"": 0.5164545575527496, ""positional_bias_rate"": 0.435}",rits,simple_with_self_consistency,400
cards.biggen_bench.results.human_eval,deepseek_v3,biggen_bench,results.human_eval,grounding,grounding,"{""spearman"": 0.6614894869600457, ""pearson"": 0.7124824056576331, ""positional_bias_rate"": 0.2875}",rits,simple_with_self_consistency,400
cards.biggen_bench.results.human_eval,deepseek_v3,biggen_bench,results.human_eval,multilingual,multilingual,"{""spearman"": 0.5583267043930122, ""pearson"": 0.5674982023761872, ""positional_bias_rate"": 0.32142857142857145}",rits,simple_with_self_consistency,420
cards.biggen_bench.results.human_eval,deepseek_v3,biggen_bench,results.human_eval,refinement,refinement,"{""spearman"": 0.5309865663272829, ""pearson"": 0.5331127842979203, ""positional_bias_rate"": 0.375}",rits,simple_with_self_consistency,304
cards.biggen_bench.results.human_eval,deepseek_v3,biggen_bench,results.human_eval,tool_usage,tool_usage,"{""spearman"": 0.4846115970757279, ""pearson"": 0.4884453975808676, ""positional_bias_rate"": 0.32142857142857145}",rits,simple_with_self_consistency,280
cards.biggen_bench.results.human_eval,deepseek_v3,biggen_bench,results.human_eval,safety,safety,"{""spearman"": 0.5320361354262161, ""pearson"": 0.5924222907930996, ""positional_bias_rate"": 0.2879746835443038}",rits,simple_with_self_consistency,316
cards.biggen_bench.results.human_eval,deepseek_v3,biggen_bench,results.human_eval,reasoning,reasoning,"{""spearman"": 0.5713163709348247, ""pearson"": 0.5828908741107004, ""positional_bias_rate"": 0.3375}",rits,simple_with_self_consistency,400
cards.biggen_bench.results.human_eval,deepseek_v3,biggen_bench,results.human_eval,planning,planning,"{""spearman"": 0.6151912284533575, ""pearson"": 0.6391933206033, ""positional_bias_rate"": 0.45}",rits,simple_with_self_consistency,280
cards.biggen_bench.results.human_eval,"granite_3,3_8b_instruct",biggen_bench,results.human_eval,overall,several_criteria,"{""spearman"": 0.3900281828769705, ""pearson"": 0.4200744071175433, ""positional_bias_rate"": 0.4178125}",rits,simple_with_synthetic_persona_with_self_consistency,3200
cards.biggen_bench.results.human_eval,"granite_3,3_8b_instruct",biggen_bench,results.human_eval,instruction_following,instruction_following,"{""spearman"": 0.346731462729459, ""pearson"": 0.411748188779575, ""positional_bias_rate"": 0.4475}",rits,simple_with_synthetic_persona_with_self_consistency,400
cards.biggen_bench.results.human_eval,"granite_3,3_8b_instruct",biggen_bench,results.human_eval,theory_of_mind,theory_of_mind,"{""spearman"": 0.11055641733691877, ""pearson"": 0.1431446062417343, ""positional_bias_rate"": 0.39}",rits,simple_with_synthetic_persona_with_self_consistency,400
cards.biggen_bench.results.human_eval,"granite_3,3_8b_instruct",biggen_bench,results.human_eval,grounding,grounding,"{""spearman"": 0.4818767513535108, ""pearson"": 0.5194012897827713, ""positional_bias_rate"": 0.3625}",rits,simple_with_synthetic_persona_with_self_consistency,400
cards.biggen_bench.results.human_eval,"granite_3,3_8b_instruct",biggen_bench,results.human_eval,multilingual,multilingual,"{""spearman"": 0.35998885865581987, ""pearson"": 0.36150093864957955, ""positional_bias_rate"": 0.48095238095238096}",rits,simple_with_synthetic_persona_with_self_consistency,420
cards.biggen_bench.results.human_eval,"granite_3,3_8b_instruct",biggen_bench,results.human_eval,refinement,refinement,"{""spearman"": 0.15849078595704943, ""pearson"": 0.16339192793137727, ""positional_bias_rate"": 0.3717105263157895}",rits,simple_with_synthetic_persona_with_self_consistency,304
cards.biggen_bench.results.human_eval,"granite_3,3_8b_instruct",biggen_bench,results.human_eval,tool_usage,tool_usage,"{""spearman"": 0.2720097349512849, ""pearson"": 0.27704955738339865, ""positional_bias_rate"": 0.5107142857142857}",rits,simple_with_synthetic_persona_with_self_consistency,280
cards.biggen_bench.results.human_eval,"granite_3,3_8b_instruct",biggen_bench,results.human_eval,safety,safety,"{""spearman"": 0.38213550365004945, ""pearson"": 0.45989117139258684, ""positional_bias_rate"": 0.2974683544303797}",rits,simple_with_synthetic_persona_with_self_consistency,316
cards.biggen_bench.results.human_eval,"granite_3,3_8b_instruct",biggen_bench,results.human_eval,reasoning,reasoning,"{""spearman"": 0.5104305605063932, ""pearson"": 0.5294626515948271, ""positional_bias_rate"": 0.4575}",rits,simple_with_synthetic_persona_with_self_consistency,400
cards.biggen_bench.results.human_eval,"granite_3,3_8b_instruct",biggen_bench,results.human_eval,planning,planning,"{""spearman"": 0.428532180636232, ""pearson"": 0.4601762735063419, ""positional_bias_rate"": 0.4357142857142857}",rits,simple_with_synthetic_persona_with_self_consistency,280
cards.biggen_bench.results.human_eval,phi_4,biggen_bench,results.human_eval,overall,several_criteria,"{""spearman"": 0.5453755319235408, ""pearson"": 0.5648017769699532, ""positional_bias_rate"": 0.4003125}",rits,simple_with_self_consistency,3200
cards.biggen_bench.results.human_eval,phi_4,biggen_bench,results.human_eval,instruction_following,instruction_following,"{""spearman"": 0.5696799986400554, ""pearson"": 0.6537220786634308, ""positional_bias_rate"": 0.3925}",rits,simple_with_self_consistency,400
cards.biggen_bench.results.human_eval,phi_4,biggen_bench,results.human_eval,theory_of_mind,theory_of_mind,"{""spearman"": 0.35471004629178005, ""pearson"": 0.40561346558993094, ""positional_bias_rate"": 0.405}",rits,simple_with_self_consistency,400
cards.biggen_bench.results.human_eval,phi_4,biggen_bench,results.human_eval,grounding,grounding,"{""spearman"": 0.6526916629977767, ""pearson"": 0.7029669789623784, ""positional_bias_rate"": 0.33}",rits,simple_with_self_consistency,400
cards.biggen_bench.results.human_eval,phi_4,biggen_bench,results.human_eval,multilingual,multilingual,"{""spearman"": 0.44198480761532, ""pearson"": 0.4497385466041415, ""positional_bias_rate"": 0.4452380952380952}",rits,simple_with_self_consistency,420
cards.biggen_bench.results.human_eval,phi_4,biggen_bench,results.human_eval,refinement,refinement,"{""spearman"": 0.4079026143799465, ""pearson"": 0.4076360581755437, ""positional_bias_rate"": 0.4342105263157895}",rits,simple_with_self_consistency,304
cards.biggen_bench.results.human_eval,phi_4,biggen_bench,results.human_eval,tool_usage,tool_usage,"{""spearman"": 0.450463725301931, ""pearson"": 0.44358403691403686, ""positional_bias_rate"": 0.4642857142857143}",rits,simple_with_self_consistency,280
cards.biggen_bench.results.human_eval,phi_4,biggen_bench,results.human_eval,safety,safety,"{""spearman"": 0.5354846883238942, ""pearson"": 0.6357772287760495, ""positional_bias_rate"": 0.25316455696202533}",rits,simple_with_self_consistency,316
cards.biggen_bench.results.human_eval,phi_4,biggen_bench,results.human_eval,reasoning,reasoning,"{""spearman"": 0.5466760753995702, ""pearson"": 0.5468528588406103, ""positional_bias_rate"": 0.4525}",rits,simple_with_self_consistency,400
cards.biggen_bench.results.human_eval,phi_4,biggen_bench,results.human_eval,planning,planning,"{""spearman"": 0.6036495698288848, ""pearson"": 0.6405119385413858, ""positional_bias_rate"": 0.42857142857142855}",rits,simple_with_self_consistency,280
cards.biggen_bench.results.human_eval,llama_4_scout_17b_16e_instruct,biggen_bench,results.human_eval,overall,several_criteria,"{""spearman"": 0.5614084580145148, ""pearson"": 0.5838751204223749, ""positional_bias_rate"": 0.36875}",rits,simple_with_synthetic_persona_with_self_consistency,3200
cards.biggen_bench.results.human_eval,llama_4_scout_17b_16e_instruct,biggen_bench,results.human_eval,instruction_following,instruction_following,"{""spearman"": 0.5358616327846657, ""pearson"": 0.6369522372781908, ""positional_bias_rate"": 0.32}",rits,simple_with_synthetic_persona_with_self_consistency,400
cards.biggen_bench.results.human_eval,llama_4_scout_17b_16e_instruct,biggen_bench,results.human_eval,tool_usage,tool_usage,"{""spearman"": 0.40852018867802237, ""pearson"": 0.40731428323884955, ""positional_bias_rate"": 0.49642857142857144}",rits,simple_with_synthetic_persona_with_self_consistency,280
cards.biggen_bench.results.human_eval,llama_4_scout_17b_16e_instruct,biggen_bench,results.human_eval,refinement,refinement,"{""spearman"": 0.3669562489769468, ""pearson"": 0.37191776796405046, ""positional_bias_rate"": 0.3848684210526316}",rits,simple_with_synthetic_persona_with_self_consistency,304
cards.biggen_bench.results.human_eval,llama_4_scout_17b_16e_instruct,biggen_bench,results.human_eval,grounding,grounding,"{""spearman"": 0.6487459445537631, ""pearson"": 0.6792237656463092, ""positional_bias_rate"": 0.28}",rits,simple_with_synthetic_persona_with_self_consistency,400
cards.biggen_bench.results.human_eval,llama_4_scout_17b_16e_instruct,biggen_bench,results.human_eval,theory_of_mind,theory_of_mind,"{""spearman"": 0.4095761474575721, ""pearson"": 0.4596981722779316, ""positional_bias_rate"": 0.3725}",rits,simple_with_synthetic_persona_with_self_consistency,400
cards.biggen_bench.results.human_eval,llama_4_scout_17b_16e_instruct,biggen_bench,results.human_eval,reasoning,reasoning,"{""spearman"": 0.5877143455575313, ""pearson"": 0.6041590221023747, ""positional_bias_rate"": 0.365}",rits,simple_with_synthetic_persona_with_self_consistency,400
cards.biggen_bench.results.human_eval,llama_4_scout_17b_16e_instruct,biggen_bench,results.human_eval,planning,planning,"{""spearman"": 0.6165859037439121, ""pearson"": 0.6500062665929807, ""positional_bias_rate"": 0.425}",rits,simple_with_synthetic_persona_with_self_consistency,280
cards.biggen_bench.results.human_eval,llama_4_scout_17b_16e_instruct,biggen_bench,results.human_eval,safety,safety,"{""spearman"": 0.5774150016707623, ""pearson"": 0.6677628832648113, ""positional_bias_rate"": 0.2879746835443038}",rits,simple_with_synthetic_persona_with_self_consistency,316
cards.biggen_bench.results.human_eval,llama_4_scout_17b_16e_instruct,biggen_bench,results.human_eval,multilingual,multilingual,"{""spearman"": 0.5455159616246761, ""pearson"": 0.5418733430979087, ""positional_bias_rate"": 0.4261904761904762}",rits,simple_with_synthetic_persona_with_self_consistency,420
cards.biggen_bench.results.human_eval,"granite_3,3_8b_instruct",biggen_bench,results.human_eval,overall,several_criteria,"{""spearman"": 0.39366629036851675, ""pearson"": 0.4155290412101554, ""positional_bias_rate"": 0.42875}",rits,simple_with_self_consistency,3200
cards.biggen_bench.results.human_eval,"granite_3,3_8b_instruct",biggen_bench,results.human_eval,instruction_following,instruction_following,"{""spearman"": 0.3112377824096934, ""pearson"": 0.3741061574403412, ""positional_bias_rate"": 0.445}",rits,simple_with_self_consistency,400
cards.biggen_bench.results.human_eval,"granite_3,3_8b_instruct",biggen_bench,results.human_eval,tool_usage,tool_usage,"{""spearman"": 0.22298404119241308, ""pearson"": 0.22347585976048076, ""positional_bias_rate"": 0.46785714285714286}",rits,simple_with_self_consistency,280
cards.biggen_bench.results.human_eval,"granite_3,3_8b_instruct",biggen_bench,results.human_eval,refinement,refinement,"{""spearman"": 0.16469901922833577, ""pearson"": 0.153770505297538, ""positional_bias_rate"": 0.40789473684210525}",rits,simple_with_self_consistency,304
cards.biggen_bench.results.human_eval,"granite_3,3_8b_instruct",biggen_bench,results.human_eval,grounding,grounding,"{""spearman"": 0.42637511047415816, ""pearson"": 0.4535269211389791, ""positional_bias_rate"": 0.3675}",rits,simple_with_self_consistency,400
cards.biggen_bench.results.human_eval,"granite_3,3_8b_instruct",biggen_bench,results.human_eval,theory_of_mind,theory_of_mind,"{""spearman"": 0.247795742801776, ""pearson"": 0.2710842687438834, ""positional_bias_rate"": 0.4575}",rits,simple_with_self_consistency,400
cards.biggen_bench.results.human_eval,"granite_3,3_8b_instruct",biggen_bench,results.human_eval,reasoning,reasoning,"{""spearman"": 0.4616127289560917, ""pearson"": 0.48122923972695564, ""positional_bias_rate"": 0.435}",rits,simple_with_self_consistency,400
cards.biggen_bench.results.human_eval,"granite_3,3_8b_instruct",biggen_bench,results.human_eval,planning,planning,"{""spearman"": 0.5101362750484374, ""pearson"": 0.5250024023444926, ""positional_bias_rate"": 0.4785714285714286}",rits,simple_with_self_consistency,280
cards.biggen_bench.results.human_eval,"granite_3,3_8b_instruct",biggen_bench,results.human_eval,safety,safety,"{""spearman"": 0.4492222333730992, ""pearson"": 0.5133628197983446, ""positional_bias_rate"": 0.2848101265822785}",rits,simple_with_self_consistency,316
cards.biggen_bench.results.human_eval,"granite_3,3_8b_instruct",biggen_bench,results.human_eval,multilingual,multilingual,"{""spearman"": 0.3594865486349062, ""pearson"": 0.35497219505565947, ""positional_bias_rate"": 0.5023809523809524}",rits,simple_with_self_consistency,420
cards.judge_bench.cola.grammaticality,"granite_3,3_8b_instruct",judge_bench,cola,grammaticality,grammar_and_punctuation,"{""accuracy"": 0.8175, ""f1_macro"": 0.7862231040112453, ""positional_bias_rate"": 0.0825}",rits,unitxt,400
cards.judge_bench.cola.grammaticality,llama_4_scout_17b_16e_instruct,judge_bench,cola,grammaticality,grammar_and_punctuation,"{""accuracy"": 0.835, ""f1_macro"": 0.8026256766051616, ""positional_bias_rate"": 0.0575}",rits,simple,400
cards.judge_bench.cola.grammaticality,"granite_3,3_8b_instruct",judge_bench,cola,grammaticality,grammar_and_punctuation,"{""accuracy"": 0.72, ""f1_macro"": 0.7116671815466996, ""positional_bias_rate"": 0.13}",rits,simple,400
cards.judge_bench.cola.grammaticality,llama_4_scout_17b_16e_instruct,judge_bench,cola,grammaticality,grammar_and_punctuation,"{""accuracy"": 0.83, ""f1_macro"": 0.801309022907901, ""positional_bias_rate"": 0.0475}",rits,unitxt,400
